"","coef.res.","2.5 %","97.5 %","summary(res)$coefficients[, 4]","r_squared","adj_r_squared","pregression"
"(Intercept)",18.4319575992541,13.3614419758089,23.5024732226992,1.3737292087613e-11,0.0295333602239536,0.0247761708132868,0.0135133698517002
"SOCIO",-107.89443120809,-193.273230330874,-22.5156320853063,0.0135133698517004,0.0295333602239536,0.0247761708132868,0.0135133698517002
