"","coef.res.","2.5 %","97.5 %","summary(res)$coefficients[, 4]","r_squared","adj_r_squared","pregression"
"(Intercept)",12.1747572815534,11.1408137481702,13.2087008149366,1.57905277213273e-67,0.0310787624278593,0.0276790387872553,0.00272610890030991
"GENDER",-2.98957209636822,-4.93580701511396,-1.04333717762248,0.00272610890030988,0.0310787624278593,0.0276790387872553,0.00272610890030991
