"","coef.res.","2.5 %","97.5 %","summary(res)$coefficients[, 4]","r_squared","adj_r_squared","pregression"
"(Intercept)",8.47323943661972,6.70233514120716,10.2441437320323,1.03549175143472e-14,0.162343409747366,0.140865035638324,0.000999020445411981
"PER2GG",3.91995305164319,1.41358448851158,6.4263216147748,0.00258370280322548,0.162343409747366,0.140865035638324,0.000999020445411981
"CRY2AA",-3.43685446009389,-6.2178223598031,-0.655886560384683,0.0160895575867085,0.162343409747366,0.140865035638324,0.000999020445411981
