"","Sum.Sq","Df","F.value","Pr..F."
"(Intercept)",23804.7115088129,1,415.95966808826,2.29515304919973e-57
"gender",532.748862433908,1,9.30916721718578,0.00249800658263801
"cry1",66.8908075483887,2,0.584419561137772,0.558105395162546
"gender:cry1",28.6695261436871,2,0.250483325003977,0.778598080401933
"Residuals",16081.183939586,281,NA,NA
