"","Sum.Sq","Df","F.value","Pr..F."
"(Intercept)",2574.15762127002,1,44.9589291539578,1.10182217276438e-10
"gender",1.48448492006719,1,0.0259272593876716,0.872193793187074
"per3b",23.4366062802565,2,0.204665928895876,0.81504088171973
"gender:per3b",75.4880039212931,2,0.659217561548673,0.518053957343752
"Residuals",16088.8683335821,281,NA,NA
