"","Sum.Sq","Df","F.value","Pr..F."
"(Intercept)",24394.493545175,1,439.969101364243,1.94724824994371e-59
"gender",449.845895827004,1,8.11323646350289,0.0047189110298472
"cry2",368.451035000409,2,3.32261603352529,0.0374803988041564
"gender:cry2",142.129126540365,2,1.28169137772523,0.279184991445963
"Residuals",15580.3047644456,281,NA,NA
