"","Sum.Sq","Df","F.value","Pr..F."
"(Intercept)",12934.6336660721,1,227.160540811394,5.01490177496382e-38
"gender",371.189380981006,1,6.51889977744516,0.0112019299621819
"clock",29.3356257335945,2,0.257598969507871,0.773087446214689
"gender:clock",153.900929297131,2,1.3514189590933,0.260549887010807
"Residuals",16000.2791293933,281,NA,NA
