"","Sum.Sq","Df","F.value","Pr..F."
"(Intercept)",19448.512370753,1,344.188453610395,1.02155905255597e-50
"gender",413.622644206958,1,7.32005284383219,0.00723566936285098
"per2",298.531959297647,2,2.64162244045096,0.0730145863431306
"gender:per2",129.403303855948,2,1.14505218181195,0.31968748025533
"Residuals",15878.0223998093,281,NA,NA
