"","Sum.Sq","Df","F.value","Pr..F."
"(Intercept)",12366.7824142691,1,218.033249191083,6.4728213045566e-37
"gender",668.814182420809,1,11.7915658587178,0.000684669900205077
"vntr",109.881653736607,2,0.96863732166254,0.380863745229181
"gender:vntr",252.667027637022,2,2.22733008286736,0.109716043146639
"Residuals",15938.2381875348,281,NA,NA
