"","Sum.Sq","Df","F.value","Pr..F."
"(Intercept)",32841.701257099,1,558.897159866705,4.72676618179948e-69
"per3c",31.2545723452931,2,0.265943770389436,0.766672892307395
"Residuals",16688.2994346233,284,NA,NA
