"","Sum.Sq","Df","F.value","Pr..F."
"(Intercept)",20117.4396332339,1,342.429312056055,1.04753578008889e-50
"clock",34.7882620806158,2,0.296074472424701,0.743961317207137
"Residuals",16684.765744888,284,NA,NA
