"","Row.names","BDI.x","std","r","Min","Max","Q25","Q50","Q75","BDI.y","groups"
"1","CC",10.96,7.50821772016058,25,1,29,6,9,16,10.96,"a"
"2","TC",10.9423076923077,7.54896883986038,104,1,39,6,9,14,10.9423076923077,"a"
"3","TT",11.6455696202532,7.76327787931283,158,1,37,6,10,15,11.6455696202532,"a"
