"","Row.names","BDI.x","std","r","Min","Max","Q25","Q50","Q75","BDI.y","groups"
"1","CC",11.4915254237288,7.03286099961173,59,1,28,6,10,15.5,11.4915254237288,"a"
"2","CG",11.859375,8.18942507572211,128,1,37,6,10,15,11.859375,"a"
"3","GG",10.56,7.27291918938699,100,1,39,5,8.5,14,10.56,"a"
