"","Row.names","BDI.x","std","r","Min","Max","Q25","Q50","Q75","BDI.y","groups"
"1","AA",10.1375,6.76128919996546,80,1,29,5.75,8,12.25,10.1375,"b"
"2","AG",12.9512195121951,8.2361196284043,123,1,39,7,11,17.5,12.9512195121951,"a"
"3","GG",10.0952380952381,7.17025154172037,84,1,31,5,8,13.25,10.0952380952381,"b"
