"","Row.names","BDI.x","std","r","Min","Max","Q25","Q50","Q75","BDI.y","groups"
"1","AA",12,4.58257569495584,3,7,16,10,13,14.5,12,"a"
"2","AG",12.2105263157895,7.87454981891918,38,1,30,6,10.5,18,12.2105263157895,"a"
"3","GG",11.1869918699187,7.65250349165092,246,1,39,6,9,14.75,11.1869918699187,"a"
