"","Row.names","BDI.x","std","r","Min","Max","Q25","Q50","Q75","BDI.y","groups"
"1","CC",11.4421487603306,7.87392621478445,242,1,39,6,9,16,11.4421487603306,"a"
"2","CG",10.7045454545455,6.39250849861481,44,2,32,6.75,10,13.25,10.7045454545455,"a"
"3","GG",12,NA,1,12,12,12,12,12,12,"a"
