"","Sum.Sq","Df","F.value","Pr..F."
"(Intercept)",3444.96975811123,1,58.6423024104866,2.98490603166929e-13
"per3b",35.8398435112176,2,0.30504345307833,0.737332544098596
"Residuals",16683.7141634574,284,NA,NA
