"","Comparison","Z","P.unadj","P.adj"
"1","CC - CG",-0.000187824758474072,0.999850137525958,0.999850137525958
"2","CC - GG",0.974449776257677,0.32983326475113,0.494749897126696
"3","CG - GG",1.19880849344546,0.230602419226463,0.691807257679388
