"","Comparison","Z","P.unadj","P.adj"
"1","AA - AG",0.362572362258932,0.716924359056544,0.716924359056544
"2","AA - GG",0.612623498740284,0.540125316819687,0.81018797522953
"3","AG - GG",0.794092671414064,0.42714148371072,1
