"","Comparison","Z","P.unadj","P.adj"
"1","AA - AG",0.680615718040698,0.496114678606435,0.496114678606435
"2","AA - GG",-0.748924043358351,0.45390298780552,0.680854481708281
"3","AG - GG",-1.91969154262028,0.0548968731616936,0.164690619485081
