"","Comparison","Z","P.unadj","P.adj"
"1","CC - TC",0.0588427490966944,0.953077358574585,0.953077358574585
"2","CC - TT",-0.384231810598605,0.700806643070267,1
"3","TC - TT",-0.758759763058409,0.447996279380348,1
