"","Comparison","Z","P.unadj","P.adj"
"1","CC - CG",0.0222070772527575,0.98228277215256,0.98228277215256
"2","CC - GG",-0.452531341433341,0.650886248018152,1
"3","CG - GG",-0.451997371491208,0.65127087602956,0.97690631404434
