"","odds_ratio","multi_conf25","multi_conf75","multi_p_z","name","multi_adjusted_p"
"1","3097157558.39568","-5931.63002725343",NA,"0.999403513027372","PER2PER3BGGAA",0.999994300490845
"2","2.91173066987607",NA,NA,"0.999974270046477","PER2PER3BAAAG",0.999994300490845
"3","1.96072704902918e-09",NA,"593.20373552346","0.997522493947668","PER3CCRY2TTGG",0.999994300490845
"4","3097157445.2425","-5931.62991840412",NA,"0.99940351301746","PER3CCLOCK3111GGCC",0.999994300490845
"5","4.66193552033178e-09",NA,"1116.67379848323","0.997889667063597","CRY1VNTRCCAB",0.999994300490845
"6","1063682673.65813","-3159.47276318417",NA,"0.998937977213068","PER3BCRY1AGCG",0.999994300490845
"7","1.45835321248042e-09",NA,NA,"0.998817972507715","CRY2VNTRAAAA",0.999994300490845
"8","1.08237353464782",NA,NA,"0.999994300490845","PER2CRY1AGCC",0.999994300490845
"9","1.0774337704343e-09",NA,"1608.23045380004","0.998416043763513","CRY1CRY2CGAA",0.999994300490845
"10","0.86352013758329",NA,NA,"0.999992857740982","PER3CCRY2GGAA",0.999994300490845
"11","1.3362887030108e-09",NA,"863.025824370661","0.998097202111082","PER2PER3BAAGG",0.999994300490845
"12","1.5466957623428e-09",NA,"1951.7022734402","0.998714547256577","PER2PER3AGGCG",0.999994300490845
"13","1.46829183604134e-09",NA,"1186.68218482311","0.998252636910542","PER2CLOCK3111AGTC",0.999994300490845
"14",NA,NA,NA,NA,"PER3BCRY1AAGG",NA
"15","6.42582051450263e-09",NA,NA,"0.998277372833159","PER3CCRY2GTAA",0.999994300490845
"16","4.13308924210046e-09",NA,"1760.44758723603","0.998377931764325","PER3APER3CCGTT",0.999994300490845
"17",NA,NA,NA,NA,"PER3BPER3CAAGG",NA
"18","3.17972499050721",NA,"1914.52118206323","0.999973781328078","CLOCK3111CRY1TTCC",0.999994300490845
