"","odds_ratio","multi_conf25","multi_conf75","multi_p_z","name","multi_adjusted_p"
"1","20885933.1684149","-491.725717467605",NA,"0.99461164820121","PER3CVNTRGTBB",0.997928821985673
"2","0.0598935511334497","-6.36390998198477","-0.630027690207294","0.0357396365444751","PER3CCRY1GGCC",0.317236585435828
"3","1.34387900317896e-11","-52.7357398063621","1.41495727861849","0.0679792683076775","SOCIO",0.317236585435828
"4","0.382047232897924","-2.49578241572982","0.274107114640093","0.159280380814544","CLOCK3111VNTRTCAA",0.445985066280723
"5","1.06664655385429e-08",NA,"1310.82326896214","0.997754577698751","PER3AGG",0.997928821985673
"6","16.4954782365781","-0.205882404170963","6.73115344177974","0.0961045628014542","PER3ACRY1CGCC",0.33636596980509
"7","0.186183066553144","-5.84574016919977","0.753963088217313","0.279221072785981","PER3ACLOCK3111CGTC",0.53460244724551
"8","0.581941744875191","-1.64941469292491","0.453988256158578","0.30548711271172","PER2CLOCK3111GGTC",0.53460244724551
"9","3.97048841035461e-08",NA,"100.896884054583","0.991682090181694","PER2PER3CAAGG",0.997928821985673
"10","5.23478803351671e-16",NA,"1385.68347322003","0.995973808194614","PER3BVNTRAGBB",0.997928821985673
"11","0.253927888204578","-2.92064783689274","-0.137095387151503","0.0465957596686727","PER3CVNTRGTAB",0.317236585435828
"12","4.43247031410294e-08",NA,"1309.59738963738","0.997928821985673","PER2PER3BAGAA",0.997928821985673
"13",NA,NA,NA,NA,"PER2PER3AAGGG",NA
"14","22881338.6641147","-429.970522399541",NA,"0.996739781365826","PER2VNTRAABB",0.997928821985673
"15",NA,NA,NA,NA,"PER3BAA",NA
"16","0.339155922211508","-827.296516787644",NA,"0.254173190745467","PER3AVNTRCGBB",0.53460244724551
