"","coef.res.","2.5 %","97.5 %","summary(res)$coefficients[, 4]","r_squared","adj_r_squared","pregression"
"(Intercept)",38.460371514932,34.7655679369175,42.1551750929465,1.72858842654885e-49,0.11489781126025,0.110087473277969,2.21688037653621e-06
"AGE",147.852854167048,88.1664207956926,207.539287538403,2.21688037653624e-06,0.11489781126025,0.110087473277969,2.21688037653621e-06
