"","coef.res.","2.5 %","97.5 %","summary(res)$coefficients[, 4]","r_squared","adj_r_squared","pregression"
"(Intercept)",34.9204476732771,28.8550155615614,40.9858797849928,2.12902792633478e-18,0.153984197040162,0.143137840591959,0.000318086270863243
"AGE",191.577217355675,90.352721857273,292.801712854077,0.000318086270863252,0.153984197040162,0.143137840591959,0.000318086270863243
