PER3ACG,MEQ
0.0,43.96
0.0,38.3
1.0,52.45
0.0,32.64
0.0,43.96
0.0,63.77
0.0,46.79
1.0,35.47
0.0,35.47
0.0,46.79
0.0,46.79
0.0,58.11
0.0,43.96
0.0,58.11
0.0,38.3
0.0,49.620000000000005
0.0,43.96
0.0,32.64
0.0,46.79
0.0,46.79
1.0,60.94
0.0,55.28
0.0,58.11
0.0,72.26
1.0,55.28
0.0,55.28
0.0,52.45
0.0,63.77
0.0,52.45
0.0,41.13
0.0,35.47
0.0,46.79
0.0,43.96
0.0,43.96
1.0,55.28
0.0,41.13
0.0,46.79
0.0,41.13
0.0,60.94
0.0,49.620000000000005
1.0,46.79
0.0,49.620000000000005
0.0,49.620000000000005
0.0,39.0
0.0,47.0
0.0,46.0
1.0,45.0
0.0,58.0
0.0,39.0
0.0,49.0
1.0,32.0
0.0,50.0
0.0,53.0
0.0,32.0
0.0,38.0
0.0,50.0
0.0,46.0
0.0,40.0
1.0,42.0
1.0,55.0
0.0,40.0
1.0,40.0
0.0,34.0
0.0,38.0
0.0,41.0
0.0,42.0
0.0,43.0
0.0,39.0
1.0,36.0
1.0,39.0
0.0,46.0
0.0,48.0
1.0,51.0
0.0,58.0
0.0,34.0
0.0,37.0
0.0,43.0
0.0,46.0
0.0,31.0
0.0,43.0
