"","Sum.Sq","Df","F.value","Pr..F."
"(Intercept)",24242.8792877858,1,421.925773143073,6.91001323421744e-58
"gender",427.952382513882,1,7.44813096320465,0.00675084647215874
"per3c",9.58816551649397,2,0.0834367506546284,0.919972053752578
"gender:per3c",32.7187706136883,2,0.284720565234728,0.752441170616632
"Residuals",16145.6102316788,281,NA,NA
