"","Row.names","BDI.x","std","r","Min","Max","Q25","Q50","Q75","BDI.y","groups"
"1","1",9.18518518518519,6.02725292133803,81,1,29,5,7,11,9.18518518518519,"b"
"2","2",12.1747572815534,8.05278583453564,206,1,39,6,11,16,12.1747572815534,"a"
