"","Row.names","BDI.x","std","r","Min","Max","Q25","Q50","Q75","BDI.y","groups"
"1","GG",10.8307692307692,8.22262357532792,65,1,39,5,9,14,10.8307692307692,"a"
"2","GT",11.202380952381,7.73939968704146,84,1,37,6,9,15,11.202380952381,"a"
"3","TT",11.6449275362319,7.34429688329925,138,1,34,6,10,16,11.6449275362319,"a"
