"","Row.names","BDI.x","std","r","Min","Max","Q25","Q50","Q75","BDI.y","groups"
"1","AA",11.552,7.28615124740078,125,1,34,7,10,14,11.552,"a"
"2","AB",11.2028985507246,7.69411512751612,138,1,39,5,9,15,11.2028985507246,"a"
"3","BB",10.9166666666667,9.35724163493135,24,1,37,3.75,8,15.75,10.9166666666667,"a"
