"","Sum.Sq","Df","F.value","Pr..F."
"(Intercept)",33846.022725053,1,595.023700682774,1.20790056065795e-71
"cry2",565.121094657374,2,4.96750309199593,0.00757736244814797
"Residuals",16154.4329123113,284,NA,NA
