"","Sum.Sq","Df","F.value","Pr..F."
"(Intercept)",33080.9695006966,1,565.185439781915,1.64205753707341e-69
"cry1",96.6994942567762,2,0.826051155892724,0.438823605885246
"Residuals",16622.8545127119,284,NA,NA
