"","Row.names","BDI.x","std","r","Min","Max","Q25","Q50","Q75","BDI.y","groups"
"1","AA",11.1304347826087,7.32304944269098,46,1,32,5,9.5,16,11.1304347826087,"a"
"2","AG",10.5923076923077,7.68336182259039,130,1,39,5,8,14,10.5923076923077,"a"
"3","GG",12.2792792792793,7.69789956141659,111,1,34,7,10,16,12.2792792792793,"a"
