"","Sum.Sq","Df","F.value","Pr..F."
"(Intercept)",1135.49781748341,1,19.311593081277,1.56993458805319e-05
"per3a",20.7048334149222,2,0.176065207509941,0.838654760567638
"Residuals",16698.8491735537,284,NA,NA
