"","Sum.Sq","Df","F.value","Pr..F."
"(Intercept)",19921.1680644368,1,338.63590104203,2.48793243230671e-50
"vntr",12.4898330555989,2,0.106156071194383,0.899319951256874
"Residuals",16707.064173913,284,NA,NA
