"","Sum.Sq","Df","F.value","Pr..F."
"(Intercept)",30076.0675150178,1,516.204020711832,7.69055195806343e-66
"per2",172.601965629645,2,1.48120808340883,0.229113877841025
"Residuals",16546.952041339,284,NA,NA
