"","Comparison","Z","P.unadj","P.adj"
"1","GG - GT",-0.457691330570748,0.647174217345472,0.647174217345472
"2","GG - TT",-1.04511520218,0.295969728743786,0.887909186231357
"3","GT - TT",-0.589753924342126,0.55535563709899,0.833033455648486
