"","Comparison","Z","P.unadj","P.adj"
"1","AA - AB",0.726645883145011,0.467442912882411,0.701164369323617
"2","AA - BB",0.984188646125304,0.325022767257587,0.97506830177276
"3","AB - BB",0.586052033190163,0.557840548806433,0.557840548806433
