"","Comparison","Z","P.unadj","P.adj"
"1","AA - AG",-2.5400239036298,0.0110844892798401,0.0166267339197602
"2","AA - GG",0.073347133186119,0.941529885818087,0.941529885818087
"3","AG - GG",2.65843194932146,0.00785052030890669,0.0235515609267201
