"","coef.res.","2.5 %","97.5 %","summary(res)$coefficients[, 4]","r_squared","adj_r_squared"
"(Intercept)",7.56798887587822,6.22934215347491,8.90663559828154,7.28512679926481e-18,0.355606794514842,0.321691362647202
"PER2PER3BAAAG",21.4320111241217,11.4551042964243,31.4089179518191,5.41991160285457e-05,0.355606794514842,0.321691362647202
"PER2VNTRGGAA",5.92879098360655,3.12043981495508,8.73714215225803,7.06805627618691e-05,0.355606794514842,0.321691362647202
"PER3CCRY2GTAA",-3.68032786885246,-7.68333278117247,0.322677043467542,0.071000945672544,0.355606794514842,0.321691362647202
"CLOCK3111CRY2TCAG",4.04625292740047,0.680054579456868,7.41245127534407,0.0191300899356778,0.355606794514842,0.321691362647202
