"","Sum.Sq","Df","F.value","Pr..F."
"(Intercept)",26525.9226984502,1,466.661739959541,5.74012846559357e-62
"gender",519.62304688234,1,9.1415555243007,0.00272610890030995
"Residuals",16199.9309600863,285,NA,NA
