"","coef.res.","2.5 %","97.5 %","summary(res)$coefficients[, 4]","r_squared","adj_r_squared","pregression"
"(Intercept)",51.2483993603023,48.0106574829427,54.4861412376618,1.40601727646761e-95,0.129416715379868,0.117691687977577,2.331200189776e-08
"PER2CRY2GGAG",4.21869370915578,1.25828601318404,7.17910140512753,0.00537248911043477,0.129416715379868,0.117691687977577,2.331200189776e-08
"PER3CVNTRGTAB",-5.3125017134177,-9.08324689039565,-1.54175653643975,0.0059118365261037,0.129416715379868,0.117691687977577,2.331200189776e-08
"GENDER",-3.22288697494243,-5.68857778284524,-0.757196167039612,0.0105873447427694,0.129416715379868,0.117691687977577,2.331200189776e-08
"AGE",-124.012472160627,-177.574946361353,-70.4499979599002,7.60720938519696e-06,0.129416715379868,0.117691687977577,2.331200189776e-08
