"","Sum.Sq","Df","F.value","Pr..F."
"(Intercept)",555252.338178979,1,6064.42949253011,1.15740691954949e-183
"cry2",19.1867053808783,2,0.104777966678979,0.900562018289406
"Residuals",24079.9839656717,263,NA,NA
