"","Sum.Sq","Df","F.value","Pr..F."
"(Intercept)",65003.2161248611,1,715.969561009226,1.20372287845476e-76
"gender",217.893540665718,1,2.39996037053795,0.122554657767151
"per3b",129.941826440725,2,0.715613764823561,0.489852312620927
"gender:per3b",209.223102776472,2,1.15223047395164,0.31753915084653
"Residuals",23605.5233530327,260,NA,NA
