"","Sum.Sq","Df","F.value","Pr..F."
"(Intercept)",505937.086097825,1,5542.02143558391,9.67201615492929e-179
"per3c",89.6183460878383,2,0.490838494239523,0.612672519006909
"Residuals",24009.5523249647,263,NA,NA
