"","Sum.Sq","Df","F.value","Pr..F."
"(Intercept)",468623.438668548,1,5113.23796974564,5.25493164109498e-173
"gender",41.9754823208386,1,0.458002336825292,0.499160704442208
"cry2",85.857277798681,2,0.468402406489234,0.626528773252782
"gender:cry2",189.996065653824,2,1.03654130037075,0.356140216366354
"Residuals",23828.7548466835,260,NA,NA
