"","Comparison","Z","P.unadj","P.adj"
"1","AA - AG",-1.4688650238705,0.141869403023887,0.212804104535831
"2","AA - GG",-0.27270973238634,0.785076352825108,0.785076352825108
"3","AG - GG",1.56970260114315,0.116484315804828,0.349452947414485
