"","Comparison","Z","P.unadj","P.adj"
"1","CC - TC",1.68377616296571,0.0922249356144689,0.276674806843407
"2","CC - TT",1.25950901139953,0.207846537404147,0.311769806106221
"3","TC - TT",-0.833955029814894,0.40430632549272,0.40430632549272
