"","Comparison","Z","P.unadj","P.adj"
"1","AA - AG",0.524422287133676,0.599984858472505,0.899977287708757
"2","AA - GG",0.86800034287442,0.385394144940686,1
"3","AG - GG",0.432627713041865,0.665285252940581,0.665285252940581
