"","Comparison","Z","P.unadj","P.adj"
"1","GG - GT",0.457047487676443,0.647636913224214,0.647636913224214
"2","GG - TT",0.948370911882982,0.342940662302541,1
"3","GT - TT",0.508825284416562,0.610874694839664,0.916312042259496
