"","Comparison","Z","P.unadj","P.adj"
"1","CC - CG",-0.0887306097416798,0.929296005417441,0.929296005417441
"2","CC - GG",1.52904494804316,0.126253301481941,0.378759904445824
"3","CG - GG",1.52722214254444,0.126705782060586,0.190058673090879
