"","Comparison","Z","P.unadj","P.adj"
"1","AA - AG",0.238487798420063,0.811502777830919,0.811502777830919
"2","AA - GG",-0.28329177995782,0.776953177952646,1
"3","AG - GG",-1.44545696046225,0.148329573887589,0.444988721662766
