"","Row.names","MEQ.x","std","r","Min","Max","Q25","Q50","Q75","MEQ.y","groups"
"1","AA",47.0488157894737,9.09112137815136,76,10,72.26,42,46,52.45,47.0488157894737,"a"
"2","AG",46.5862931034483,10.0888751930614,116,26.98,72.26,38.3,46.79,52.45,46.5862931034483,"a"
"3","GG",46.3506756756757,9.19799417250753,74,29.81,69.43,40,44.48,52.45,46.3506756756757,"a"
