"","Row.names","MEQ.x","std","r","Min","Max","Q25","Q50","Q75","MEQ.y","groups"
"1","1",43.1933333333333,6.22960940455606,3,36,46.79,41.395,46.79,46.79,43.1933333333333,"a"
"2","2",48.2174285714286,10.5944586911264,35,29.81,69.43,39.715,46,55.28,48.2174285714286,"a"
"3","3",46.7080392156863,9.34824456211907,153,10,69.43,41,46,52.45,46.7080392156863,"a"
"4","4",45.9486666666667,9.55979677683655,75,29.81,72.26,40.5,43.96,50,45.9486666666667,"a"
