"","Row.names","MEQ.x","std","r","Min","Max","Q25","Q50","Q75","MEQ.y","groups"
"1","AA",46.4665517241379,8.6720544783553,116,29.81,69.43,41.13,45,50.25,46.4665517241379,"a"
"2","AB",46.97952,9.76291608142276,125,26.98,72.26,40,46,52.45,46.97952,"a"
"3","BB",45.8844,12.246632217335,25,10,72.26,38.3,46.79,52.45,45.8844,"a"
