"","Row.names","MEQ.x","std","r","Min","Max","Q25","Q50","Q75","MEQ.y","groups"
"1","AA",45.6354761904762,9.2260408765362,42,29.81,69.43,38.475,43.98,51.7425,45.6354761904762,"a"
"2","AG",47.6255555555556,10.3732177114379,126,10,72.26,41.0325,46.79,53.75,47.6255555555556,"a"
"3","GG",45.8383673469388,8.45308626538596,98,29.81,66.6,41.0325,44,49.905,45.8383673469388,"a"
