"","Row.names","MEQ.x","std","r","Min","Max","Q25","Q50","Q75","MEQ.y","groups"
"1","CC",44.9587931034483,9.16141720393264,58,29.81,69.43,38.3,44,49.62,44.9587931034483,"a"
"2","CG",47.6355371900826,9.95486212447743,121,10,69.43,41.13,46.79,55.28,47.6355371900826,"a"
"3","GG",46.415632183908,9.10849688939226,87,29.81,72.26,41.13,45,49.81,46.415632183908,"a"
