"","Sum.Sq","Df","F.value","Pr..F."
"(Intercept)",525414.64588949,1,4838.83541758488,1.06629266089385e-186
"cry1",50.6650354305966,2,0.233301231506142,0.792059010031797
"Residuals",32466.2786731787,299,NA,NA
