"","Sum.Sq","Df","F.value","Pr..F."
"(Intercept)",60478.3016159082,1,569.66488664799,6.01784684830284e-71
"gender",78.3619073458249,1,0.738116413208561,0.390960146924498
"per3b",121.467786296791,2,0.572072386817345,0.564977372928
"gender:per3b",388.539247452682,2,1.82988907132444,0.16224155384016
"Residuals",31424.7511087525,296,NA,NA
