"","Sum.Sq","Df","F.value","Pr..F."
"(Intercept)",16759.8933018186,1,154.297739272975,7.55965821304509e-29
"per3a",39.4225157796536,2,0.181469086697399,0.834135818035972
"Residuals",32477.5211928296,299,NA,NA
