"","Sum.Sq","Df","F.value","Pr..F."
"(Intercept)",552672.537269243,1,5244.55846486347,1.23634911912033e-191
"cry2",1008.26862173411,2,4.78395738740654,0.00901370182736568
"Residuals",31508.6750868752,299,NA,NA
