"","Sum.Sq","Df","F.value","Pr..F."
"(Intercept)",455254.439316636,1,4286.62403705798,1.05153228489506e-179
"gender",655.8962702791,1,6.17584470393176,0.0134954675317911
"Residuals",31861.0474383302,300,NA,NA
