"","Sum.Sq","Df","F.value","Pr..F."
"(Intercept)",406555.456942008,1,3787.51854367814,1.00049736714567e-170
"gender",685.392714209953,1,6.38519928941054,0.0120285144528148
"cry1",71.3721056520553,2,0.332455473223514,0.717428038858535
"gender:cry1",38.9656150693481,2,0.18150413076614,0.834107552399788
"Residuals",31772.8913712378,296,NA,NA
