"","Sum.Sq","Df","F.value","Pr..F."
"(Intercept)",221055.274765388,1,2078.37406536529,7.32037502124843e-136
"gender",713.533963671085,1,6.70868626150277,0.0100691827349786
"clock",113.068116112205,2,0.531536377941505,0.588261230133865
"gender:clock",367.234383354476,2,1.72637911283595,0.179714128277068
"Residuals",31482.4758550164,296,NA,NA
