"","Comparison","Z","P.unadj","P.adj"
"1","AA - AG",0.585274515467511,0.558363147751028,0.837544721626542
"2","AA - GG",-0.108832360647515,0.913335456174018,0.913335456174018
"3","AG - GG",-0.924422263602938,0.355266507606859,1
