"","Comparison","Z","P.unadj","P.adj"
"1","CC - TC",-0.110133680049576,0.912303357799965,1
"2","CC - TT",-0.0990952666770971,0.921062630235802,1
"3","TC - TT",0.0260496025134171,0.979217774772674,0.979217774772674
