"","Comparison","Z","P.unadj","P.adj"
"1","CC - CG",-0.405313321053138,0.685247215949473,1
"2","CC - GG",0.3490007886357,0.727088717504252,0.727088717504252
"3","CG - GG",0.901045413809021,0.367564174045204,1
