"","Comparison","Z","P.unadj","P.adj"
"1","1 - 2",1.34028034182125,0.180154220086589,0.270231330129884
"2","1 - 3",1.96324275723102,0.04961797330726,0.29770783984356
"3","2 - 3",1.39177243447155,0.163991319805758,0.327982639611515
"4","1 - 4",1.56921084618017,0.116598817772537,0.349796453317612
"5","2 - 4",0.424001739434563,0.67156454473171,0.67156454473171
"6","3 - 4",-1.27318448598302,0.202952584414517,0.243543101297421
