"","Comparison","Z","P.unadj","P.adj"
"1","GG - GT",0.0262903189567791,0.979025776597298,0.979025776597298
"2","GG - TT",-1.56242087312671,0.118188873009769,0.177283309514654
"3","GT - TT",-1.73336369628111,0.0830310459388952,0.249093137816686
