"","Comparison","Z","P.unadj","P.adj"
"1","CC - CG",0.600110501718883,0.548432594158785,1
"2","CC - GG",0.00337660053663511,0.997305867683315,0.997305867683315
"3","CG - GG",-0.0909446535445942,0.927536568783725,1
