"","Comparison","Z","P.unadj","P.adj"
"1","AA - AG",0.0390557582493418,0.968845933837836,0.968845933837836
"2","AA - GG",0.303136766149129,0.76178563618844,1
"3","AG - GG",0.778310719236601,0.43638585771913,1
