"","Comparison","Z","P.unadj","P.adj"
"1","AA - AG",-3.16318894391561,0.00156051015484016,0.00468153046452047
"2","AA - GG",-0.887161204393048,0.374992116183044,0.374992116183044
"3","AG - GG",2.2017545862939,0.027682648577534,0.0415239728663011
