"","Row.names","STAI.x","std","r","Min","Max","Q25","Q50","Q75","STAI.y","groups"
"1","AA",41.8720930232558,10.0209152002234,86,25,69,35,41,47,41.8720930232558,"b"
"2","AG",45.9612403100775,11.0321993931225,129,21,77,38,48,54,45.9612403100775,"a"
"3","GG",42.7931034482759,9.27253751054817,87,23,64,35,43,49,42.7931034482759,"ab"
