"","Row.names","STAI.x","std","r","Min","Max","Q25","Q50","Q75","STAI.y","groups"
"1","CC",44.0393700787402,10.4657556205154,254,21,70,35.25,44,51,44.0393700787402,"a"
"2","CG",43.0425531914894,10.1787447906612,47,26,77,35.5,43,50,43.0425531914894,"a"
"3","GG",44,NA,1,44,44,44,44,44,44,"a"
