"","Row.names","STAI.x","std","r","Min","Max","Q25","Q50","Q75","STAI.y","groups"
"1","AA",44.75,10.5633012516605,4,30,55,42,47,49.75,44.75,"a"
"2","AG",44.95,9.69258241368903,40,25,64,39,45.5,52.25,44.95,"a"
"3","GG",43.7054263565892,10.5235722809758,258,21,77,35,43.5,51,43.7054263565892,"a"
