"","Row.names","STAI.x","std","r","Min","Max","Q25","Q50","Q75","STAI.y","groups"
"1","CC",43.52,9.51805302219594,25,25,68,37,44,50,43.52,"a"
"2","TC",43.8425925925926,9.77136961964304,108,23,66,36,44,51,43.8425925925926,"a"
"3","TT",43.9644970414201,10.9440642158662,169,21,77,35,43,52,43.9644970414201,"a"
