"","Row.names","STAI.x","std","r","Min","Max","Q25","Q50","Q75","STAI.y","groups"
"1","AA",44.2835820895522,10.3905769487453,134,21,77,36,45,51,44.2835820895522,"a"
"2","AB",43.645390070922,10.6147705390535,141,23,68,35,43,51,43.645390070922,"a"
"3","BB",43.1481481481481,9.48563165936818,27,26,62,37.5,41,49,43.1481481481481,"a"
