"","Sum.Sq","Df","F.value","Pr..F."
"(Intercept)",440908.285252234,1,4822.24421901668,7.32260995231752e-170
"gender",29.186017960641,1,0.319209484363177,0.572570258532713
"per3c",168.449915729303,2,0.921174152868068,0.399346511259701
"gender:per3c",156.299440052022,2,0.854728859081457,0.426590277765419
"Residuals",23772.3659273641,260,NA,NA
