"","Sum.Sq","Df","F.value","Pr..F."
"(Intercept)",67830.9105791213,1,746.702308715166,8.49674226602603e-79
"per3b",208.084124119316,2,1.14532515161821,0.319701923214505
"Residuals",23891.0865469333,263,NA,NA
