"","Sum.Sq","Df","F.value","Pr..F."
"(Intercept)",15361.9324884238,1,169.038129939166,3.51424502366247e-30
"per3a",198.123931423794,2,1.09004836759018,0.337714204880204
"Residuals",23901.0467396288,263,NA,NA
