"","Sum.Sq","Df","F.value","Pr..F."
"(Intercept)",227020.773274707,1,2510.19812036673,1.36581850332879e-135
"gender",330.995052146685,1,3.65985520075694,0.0568368584097324
"clock",94.6418330208799,2,0.523233508392651,0.593223916931514
"gender:clock",385.37002378684,2,2.13054315559233,0.120841794213256
"Residuals",23514.2400006261,260,NA,NA
