"","Sum.Sq","Df","F.value","Pr..F."
"(Intercept)",522262.70422289,1,5768.56142640088,6.29251009577892e-181
"cry1",288.192325222855,2,1.59158898119963,0.20555652330493
"Residuals",23810.9783458297,263,NA,NA
