"","Sum.Sq","Df","F.value","Pr..F."
"(Intercept)",328666.677456606,1,3608.14359319235,1.34903492880448e-155
"clock",142.436705648233,2,0.781843919951321,0.458622047732178
"Residuals",23956.7339654043,263,NA,NA
