"","Sum.Sq","Df","F.value","Pr..F."
"(Intercept)",88745.7733787115,1,971.238850185658,4.11224715821393e-90
"socio",159.238057383162,3,0.580903487458252,0.628023160807531
"Residuals",23939.9326136694,262,NA,NA
