"","Sum.Sq","Df","F.value","Pr..F."
"(Intercept)",283112.518288177,1,3136.06312300029,4.27445927141371e-147
"gender",67.0886728495643,1,0.743147332963889,0.389448923406209
"vntr",70.7421764349565,2,0.391808762289745,0.676231702087383
"gender:vntr",525.929119160915,2,2.91288235130903,0.0560939329056553
"Residuals",23471.8664350428,260,NA,NA
