"","Sum.Sq","Df","F.value","Pr..F."
"(Intercept)",461229.810116718,1,5081.52336187858,5.08829394367057e-174
"per2",227.699180689822,2,1.2543190843011,0.28697084215429
"Residuals",23871.4714903628,263,NA,NA
