"","Sum.Sq","Df","F.value","Pr..F."
"(Intercept)",429888.220190007,1,4715.55239498333,1.15548560593169e-168
"gender",36.0072583687761,1,0.394972705608491,0.530248738769561
"cry1",164.395326104022,2,0.901646913459561,0.407165924509554
"gender:cry1",41.4509567712084,2,0.227343003712022,0.796805677535328
"Residuals",23702.618036502,260,NA,NA
