"","Sum.Sq","Df","F.value","Pr..F."
"(Intercept)",369533.541363412,1,4064.97753991919,9.46295091996865e-161
"gender",26.6312823189146,1,0.292951930929519,0.588798495267615
"per2",76.7935215859943,2,0.422375651350379,0.655936708557036
"gender:per2",178.537900768722,2,0.981984685302826,0.37595176277658
"Residuals",23635.7322545987,260,NA,NA
