"","Sum.Sq","Df","F.value","Pr..F."
"(Intercept)",342860.188900885,1,3746.71001959222,1.32127058427317e-157
"vntr",32.1280631629779,2,0.175544638980554,0.839098168877729
"Residuals",24067.0426078896,263,NA,NA
