"","Sum.Sq","Df","F.value","Pr..F."
"(Intercept)",482595.206158263,1,5300.62739940882,9.02307262962989e-177
"gender",63.3113612676862,1,0.695385971404187,0.405092304283204
"Residuals",24035.8593097849,264,NA,NA
