"","Comparison","Z","P.unadj","P.adj"
"1","AA - AB",-0.4018315085685,0.687808031711115,1
"2","AA - BB",-0.200009131906623,0.841473439197582,1
"3","AB - BB",0.0351565257376733,0.971954928218801,0.971954928218801
