"","Comparison","Z","P.unadj","P.adj"
"1","CC - CG",-1.86756799189895,0.0618223114043315,0.185466934212995
"2","CC - GG",-0.805904875949246,0.42029769957357,0.42029769957357
"3","CG - GG",1.14997601403044,0.2501537505727,0.37523062585905
