"","Comparison","Z","P.unadj","P.adj"
"1","1 - 2",-0.634305712924313,0.525881328897642,1
"2","1 - 3",-0.53803095485477,0.590555678162518,0.885833517243776
"3","2 - 3",0.362524002781327,0.71696049002243,0.860352588026916
"4","1 - 4",-0.295815733804506,0.767370806636645,0.767370806636645
"5","2 - 4",1.0132424676625,0.310944360336615,1
"6","3 - 4",0.989592124789181,0.322373520804088,0.967120562412263
