"","Row.names","MEQ.x","std","r","Min","Max","Q25","Q50","Q75","MEQ.y","groups"
"1","CC",46.7303930131004,9.69386020747443,229,10,72.26,41,46,52.45,46.7303930131004,"a"
"2","CG",46.5491666666667,8.41032643327747,36,30,66.6,40,46.395,52.8375,46.5491666666667,"a"
"3","GG",32.64,NA,1,32.64,32.64,32.64,32.64,32.64,32.64,"a"
