"","Row.names","MEQ.x","std","r","Min","Max","Q25","Q50","Q75","MEQ.y","groups"
"1","AA",47.6725,12.7808381963,4,39,66.6,40.5975,42.545,49.62,47.6725,"a"
"2","AG",44.3136363636364,8.01995395021919,33,29.81,60.94,41,43.96,49.62,44.3136363636364,"a"
"3","GG",46.9721834061135,9.67516442316809,229,10,72.26,41,46,52.45,46.9721834061135,"a"
