"","Row.names","MEQ.x","std","r","Min","Max","Q25","Q50","Q75","MEQ.y","groups"
"1","CC",48.7408695652174,7.49153152993643,23,35.47,63,43.98,49.62,54.64,48.7408695652174,"a"
"2","TC",45.9895698924731,9.8144541714026,93,29.81,66.6,40,43.96,52.45,45.9895698924731,"a"
"3","TT",46.744,9.64478646939726,150,10,72.26,41,46.395,52.3375,46.744,"a"
