"","Row.names","MEQ.x","std","r","Min","Max","Q25","Q50","Q75","MEQ.y","groups"
"1","1",45.909,8.5164384009969,80,31,72.26,39.75,46,50.25,45.909,"a"
"2","2",46.9728494623656,9.9474324243332,186,10,72.26,41.13,45.5,52.45,46.9728494623656,"a"
