"","Row.names","MEQ.x","std","r","Min","Max","Q25","Q50","Q75","MEQ.y","groups"
"1","GG",47.5735849056604,9.43271620363029,53,29.81,72.26,41.13,46.79,55.28,47.5735849056604,"a"
"2","GT",46.945641025641,8.74076917025302,78,29.81,69.43,41.13,44.5,52.45,46.945641025641,"a"
"3","TT",46.1222962962963,10.0372116557339,135,10,69.43,39.5,45,51.5,46.1222962962963,"a"
