"","coef.res.","2.5 %","97.5 %","summary(res)$coefficients[, 4]","r_squared","adj_r_squared","pregression"
"(Intercept)",54.8360683150311,50.8764388492991,58.7956977807632,1.73349480808098e-71,0.125175625119007,0.11285415505026,2.78276190350209e-06
"CRY2GG",-5.41662268182902,-8.73313359724051,-2.10011176641752,0.0014855947685034,0.125175625119007,0.11285415505026,2.78276190350209e-06
"CRY2AA",-3.98182495363586,-7.23244050883683,-0.731209398434889,0.0165987004708616,0.125175625119007,0.11285415505026,2.78276190350209e-06
"AGE",-138.225147575342,-199.108546819445,-77.3417483312383,1.24282540182563e-05,0.125175625119007,0.11285415505026,2.78276190350209e-06
