"","coef.res.","2.5 %","97.5 %","summary(res)$coefficients[, 4]","r_squared","adj_r_squared","pregression"
"(Intercept)",52.9481630698963,49.6183278938582,56.2779982459343,3.51195115431044e-96,0.105930869665021,0.096930173722051,2.62232059518409e-07
"CRY2AA",-3.20704710574483,-5.69034262913768,-0.72375158235199,0.0115440183525661,0.105930869665021,0.096930173722051,2.62232059518409e-07
"GENDER",-3.44748373981587,-5.93556064585246,-0.959406833779266,0.00677404267018712,0.105930869665021,0.096930173722051,2.62232059518409e-07
"AGE",-133.714450552026,-187.932271076893,-79.4966300271585,1.96021530590414e-06,0.105930869665021,0.096930173722051,2.62232059518409e-07
