"","coef.res.","2.5 %","97.5 %","summary(res)$coefficients[, 4]","r_squared","adj_r_squared","pregression"
"(Intercept)",43.4918032786885,41.2909554796007,45.6926510777764,2.05072416764181e-55,0.11832617757437,0.107703601400568,0.00126676793061352
"CRY2AA",-6.95013661202187,-11.0919817018426,-2.8082915222011,0.0012667679306135,0.11832617757437,0.107703601400568,0.00126676793061352
