"","odds_ratio","conf25","conf75","p_z","name","adjusted_p"
"1","1.79306027038952e-11","-42.6143199166763","-11.2176210358751","0.00153499120129615","AGE",0.0168849032142576
"2","0.144230769231353","-4.95017874132473","0.134065130149742","0.0955144136484311","PER2PER3ACRY2GGCGGG",0.258527479286468
"3","20715536.8983504","-39.617740245733",NA,"0.985586031302654","PER2PER3APER3CCRY2GGCCTTAG",0.999044991765637
"4","0.218750000000256","-4.59615945512372","0.837773007751727","0.217035376106222","PER3ACLOCK3111CRY2VNTRCGTTAAAA",0.397898189528074
"5","0.343414634146743","-2.48550921994181","0.282930198592103","0.117512490584758","PER3BPER3CCRY2VNTRGGGGAAAA",0.258527479286468
"6","0.0697115384616426","-5.60962858046872","-0.876504843477067","0.0143344663707046","PER2PER3CCLOCK3111VNTRAGGGTTAB",0.0788395650388753
"7","0.662621359223901","-2.2251096962012","1.62809039593314","0.6551590722888","PER3BPER3CCLOCK3111CRY2VNTRGGGTTTGGAA",0.800749977241867
"8","0.170048309179282","-3.72822771046474","-0.216693373779214","0.0363065645276504","PER2PER3APER3CCRY2GGCCGGAA",0.133124069934718
"9","0.662621359223901","-2.22510969620121","1.62809039593312","0.655159072288799","PER2PER3ACRY1CRY2AACCCGAG",0.800749977241867
"10","0.439613526570467","-2.95475139928594","1.31095302666677","0.414823617804871","PER3APER3CCLOCK3111CRY1VNTRCCGGTTGGBB",0.65186568512194
"11","1.18848622180145e+23","-1441.64500113368","16882.4037898399","0.999044991765637","STAI",0.999044991765637
