"","odds_ratio","multi_conf25","multi_conf75","multi_p_z","name","multi_adjusted_p"
"1","8.37583561519784e-11","-41.6098598322292","-9.21965063075924","0.00394114408465758","AGE",0.0394114408465758
"2","0.118169992533571","-5.15253382604776","-0.0591226073360562","0.066642174096738","PER2PER3ACRY2GGCGGG",0.187145337983935
"3","15279580.7973843","-39.8540145510435",NA,"0.985840247487772","PER2PER3APER3CCRY2GGCCTTAG",0.985840247487772
"4","0.191143175884941","-4.7657146069449","0.769513539897236","0.189501096032293","PER3ACLOCK3111CRY2VNTRCGTTAAAA",0.379002192064586
"5","0.734284434326849","-1.96330592139755","1.51784713080989","0.717816755279734","PER3BPER3CCRY2VNTRGGGGAAAA",0.897270944099667
"6","0.0826029945149481","-5.46662298169086","-0.613291370454639","0.0253681139321626","PER2PER3CCLOCK3111VNTRAGGGTTAB",0.126840569660813
"7","0.920156792468876","-2.05622971711652","2.29203011815211","0.936857183299079","PER3BPER3CCLOCK3111CRY2VNTRGGGTTTGGAA",0.985840247487772
"8","0.180015089020187","-3.87651218028238","0.0866023815857191","0.0748581351935738","PER2PER3APER3CCRY2GGCCGGAA",0.187145337983935
"9","0.527359534892925","-2.4599162789099","1.40478762420581","0.489085825234263","PER2PER3ACRY1CRY2AACCCGAG",0.779243661506159
"10","0.523879226783619","-2.85674781091942","1.62152342968727","0.545470563054311","PER3APER3CCLOCK3111CRY1VNTRCCGGTTGGBB",0.779243661506159
