"","fisher_p_z","fisher_adjusted_p","names"
"1",0.0362359374107642,0.0905898435269104,"AGE"
"2",0.0884213768673957,0.176842753734791,"PER2PER3ACRY2GGCGGG"
"3",0.0012797558383986,0.012797558383986,"PER2PER3APER3CCRY2GGCCTTAG"
"4",0.225268530945414,0.321812187064877,"PER3ACLOCK3111CRY2VNTRCGTTAAAA"
"5",0.139974660839281,0.233291101398801,"PER3BPER3CCRY2VNTRGGGGAAAA"
"6",0.00398225208733583,0.0199112604366791,"PER2PER3CCLOCK3111VNTRAGGGTTAB"
"7",0.645253602264198,0.645253602264198,"PER3BPER3CCLOCK3111CRY2VNTRGGGTTTGGAA"
"8",0.0306350799286402,0.0905898435269104,"PER2PER3APER3CCRY2GGCCGGAA"
"9",0.645253602264198,0.645253602264198,"PER2PER3ACRY1CRY2AACCCGAG"
"10",0.589458537765946,0.645253602264198,"PER3APER3CCLOCK3111CRY1VNTRCCGGTTGGBB"
