"","fisher_p_z","fisher_adjusted_p","names"
"1",0.0347651638493595,0.0943722651415224,"PER2CRY1CRY2GGGGGG"
"2",0.00219087199807883,0.0438174399615767,"GENDER"
"3",0.0204271013426147,0.0943722651415224,"PER2PER3ACRY2GGCCAG"
"4",0.0718034124349054,0.130551658972555,"PER2CRY1CRY2AAGGAG"
"5",0.0229203203471557,0.0943722651415224,"PER3ACRY2VNTRCCAGAA"
"6",0.0295565480358745,0.0943722651415224,"PER2CRY2VNTRAAAGBB"
"7",0.555155796932302,0.555155796932302,"PER3AGG"
"8",0.0410816208608618,0.0943722651415224,"PER2CRY2VNTRGGAGAA"
"9",0.202305047997875,0.252881309997344,"PER2CRY1VNTRAAGGAA"
"10",0.103595349016517,0.159377460025412,"CRY1CRY2VNTRGGAAAB"
"11",0.311111111111111,0.366013071895425,"PER2PER3ACRY1GGCGCC"
"12",0.0471796405417669,0.0943722651415224,"PER2CRY1VNTRAGCGAB"
"13",0.555155796932302,0.555155796932302,"PER2PER3AVNTRGGCCBB"
"14",0.329821550047429,0.366468388941588,"PER2CRY2VNTRAGAABB"
"15",0.0961931290622099,0.159377460025412,"PER3ACRY2VNTRCGAGBB"
"16",0.161146186414732,0.214861581886309,"CRY1CRY2VNTRCGAAAB"
"17",0.0336997382170773,0.0943722651415224,"CRY1CRY2VNTRCCAGAB"
"18",0.0064569217334668,0.064569217334668,"PER3ACRY2CCAG"
"19",0.0471861325707612,0.0943722651415224,"PER3ACRY1CRY2CCCGAG"
"20",0.138716604038352,0.198166577197645,"PER3ACRY1CRY2CCGGGG"
