"","fisher_p_z","fisher_adjusted_p","names"
"1",0.0362359374107642,0.10353124974504,"AGE"
"2",0.0884213768673957,0.176842753734791,"PER2PER3ACRY2GGCGGG"
"3",0.0012797558383986,0.0255951167679721,"PER2PER3APER3CCRY2GGCCTTAG"
"4",0.225268530945414,0.321812187064877,"PER3ACLOCK3111CRY2VNTRCGTTAAAA"
"5",0.139974660839281,0.254499383344147,"PER3BPER3CCRY2VNTRGGGGAAAA"
"6",0.00398225208733583,0.0398225208733583,"PER2PER3CCLOCK3111VNTRAGGGTTAB"
"7",0.645253602264198,0.667636680909743,"PER3BPER3CCLOCK3111CRY2VNTRGGGTTTGGAA"
"8",0.0306350799286402,0.10353124974504,"PER2PER3APER3CCRY2GGCCGGAA"
"9",0.645253602264198,0.667636680909743,"PER2PER3ACRY1CRY2AACCCGAG"
"10",0.589458537765946,0.667636680909743,"PER3APER3CCLOCK3111CRY1VNTRCCGGTTGGBB"
"11",0.323071168166987,0.430761557555983,"PER2PER3ACLOCK3111CRY1CRY2AGCCTTCGGG"
"12",0.0174346579893994,0.0871732899469971,"PER2PER3CCRY2GGTTAG"
"13",0.0327028488087843,0.10353124974504,"PER2PER3BPER3CCLOCK3111VNTRAGGGGTTCAA"
"14",0.0100753011060672,0.0671686740404482,"PER3CCLOCK3111CRY2TTTCAG"
"15",0.171999168955313,0.264614106085097,"PER2PER3CCRY2VNTRAGGTAAAB"
"16",0.171999168955313,0.264614106085097,"PER2PER3CCRY1VNTRAATTGGAA"
"17",0.376506331252227,0.470632914065284,"PER2PER3BPER3CCLOCK3111CRY1GGGGTTTTCC"
"18",0.0740168486577872,0.166475233141762,"PER2PER3CCLOCK3111CRY2AGGGTTAG"
"19",0.0749138549137928,0.166475233141762,"PER2PER3APER3CCLOCK3111GGCGTTTT"
"20",0.667636680909743,0.667636680909743,"PER3CCRY1VNTRGTCGAA"
