"","odds_ratio","conf25","conf75","p_z","name","adjusted_p"
"1","1.31333983250902e-07",NA,"33.6118487553183","0.981749678819696","PER2PER3CCLOCK3111AGGTTC",0.999064358766644
"2","19.1219511908472","1.23280093546193","5.87939269517634","0.00576251436242847","PER2PER3APER3CCRY1CRY2GGCCTTCGAG",0.020816225745663
"3","13189408.5284062","-67.0239817347938",NA,"0.98202532269509","PER3CCRY2VNTRGTAGBB",0.999064358766644
"4","0.32028265851795","-1.83245878827091","-0.509210565639193","0.000682538309461097","GENDER",0.00750792140407207
"5","6.30894308940635","0.574158572919801","3.37933910901327","0.00756953663478656","PER2PER3BPER3CCLOCK3111VNTRAGGGTTTCAB",0.020816225745663
"6","13.9999999999828","0.851325015575571","5.58563451143496","0.0152798722083055","PER3BCLOCK3111CRY1AGTTCG",0.0336157188582721
"7","13037806.1314707","-93.2312985814549",NA,"0.98444411907645","PER2CLOCK3111CRY1VNTRAATTCCAB",0.999064358766644
"8","13189408.5284062","-67.0239817347938",NA,"0.98202532269509","PER3BPER3CCRY2VNTRGGGTAGBB",0.999064358766644
"9","1.3275381009681e-07",NA,"42.6229345909054","0.983350874292526","PER2CLOCK3111CRY2VNTRAGTTGGAB",0.999064358766644
"10","4.89743589742668","0.606651516965132","2.67387495329526","0.00215104682077786","PER2PER3APER3BPER3CCRY1GGCCGGTTCG",0.0118307575142782
"11","1.18848621818674e+23","-1488.46067218095","17143.7365768872","0.999064358766644","BDI",0.999064358766644
