"","lhs","Var.2","rhs","support","confidence","coverage","lift","count"
"[1]","{GENDER=1,SOCIOSTATUS=3,VNTR=AB,CRY2=AA}","=>","{STAI=0}",0.0231788079470199,0.875,0.0264900662251656,2.84139784946237,7
"[2]","{GENDER=1,VNTR=AB,CRY2=AA}","=>","{STAI=0}",0.0264900662251656,0.8,0.0331125827814569,2.59784946236559,8
"[3]","{GENDER=0,SOCIOSTATUS=3,VNTR=AB,PER2=AG,CLOCK3111=TT}","=>","{STAI=0}",0.0264900662251656,0.8,0.0331125827814569,2.59784946236559,8
"[4]","{GENDER=0,SOCIOSTATUS=3,VNTR=AB,PER2=AG,PER3B=GG,CLOCK3111=TT}","=>","{STAI=0}",0.0264900662251656,0.8,0.0331125827814569,2.59784946236559,8
