"","difference","pvalue","signif.","LCL","UCL"
"AA - AG",-4.08914728682171,0.0125,"*",-7.4552523201766,-0.72304225346681
"AA - GG",-0.92101042502005,0.8256," ",-4.5977825434121,2.755761693372
"AG - GG",3.16813686180166,0.0687,".",-0.186340830994905,6.52261455459822
