"","coef.res.","2.5 %","97.5 %","summary(res)$coefficients[, 4]","r_squared","adj_r_squared","pregression"
"(Intercept)",38.4054536945383,34.7773425086259,42.0335648804506,3.29508998343894e-50,0.167911231483701,0.154195482552114,2.47170932465748e-07
"CLOCK3111CRY2CCGG",10.7003479775148,2.512308965008,18.8883869900217,0.0107140876084248,0.167911231483701,0.154195482552114,2.47170932465748e-07
"CRY1VNTRCCBB",-9.98716599603342,-19.118871682619,-0.855460309447809,0.0322441485805543,0.167911231483701,0.154195482552114,2.47170932465748e-07
"AGE",147.541113035791,89.3010152125013,205.781210859081,1.35144839721273e-06,0.167911231483701,0.154195482552114,2.47170932465748e-07
