"","coef.res.","2.5 %","97.5 %","summary(res)$coefficients[, 4]","r_squared","adj_r_squared","pregression"
"(Intercept)",37.6413891911089,34.525648113085,40.7571302691327,1.31034620317699e-67,0.122527499628959,0.119203740157857,4.38970378493161e-09
"AGE",156.696952398137,105.880753250957,207.513151545317,4.38970378493161e-09,0.122527499628959,0.119203740157857,4.38970378493161e-09
