"","coef.res.","2.5 %","97.5 %","summary(res)$coefficients[, 4]","r_squared","adj_r_squared","pregression"
"(Intercept)",46.4720547945206,44.518142909814,48.4259666792272,1.05464095499789e-58,0.0554457008689168,0.0309118229694081,0.111233798581214
"PER3APER3CCGTT",-7.56038812785388,-14.6503335978207,-0.470442657887037,0.0369339613325037,0.0554457008689168,0.0309118229694081,0.111233798581214
"PER3AVNTRCGBB",0.317945205479447,-16.4902403699071,17.126130780866,0.970050868735553,0.0554457008689168,0.0309118229694081,0.111233798581214
