"","Sum.Sq","Df","F.value","Pr..F."
"(Intercept)",140065.092350802,1,1307.58921729674,5.3384011153329e-111
"socio",596.064453555904,3,1.85486961621981,0.137298124451534
"Residuals",31920.8792550534,298,NA,NA
