"","Sum.Sq","Df","F.value","Pr..F."
"(Intercept)",522595.868601563,1,4882.88720259503,2.97476062212899e-187
"per3c",516.170758371107,2,2.4114270144811,0.0914296409903524
"Residuals",32000.7729502382,299,NA,NA
