"","Sum.Sq","Df","F.value","Pr..F."
"(Intercept)",474898.487022142,1,4383.31246723939,1.14021293055554e-180
"per2",122.573313872432,2,0.565675770222896,0.568582837161445
"Residuals",32394.3703947368,299,NA,NA
