"","Sum.Sq","Df","F.value","Pr..F."
"(Intercept)",419534.496803756,1,3955.88633492229,2.52683545969601e-173
"gender",592.125296528029,1,5.58328429948569,0.0187792163995255
"per3c",392.129204548535,2,1.84873779583745,0.15924898898687
"gender:per3c",21.0340886023478,2,0.0991676063631238,0.905620986647413
"Residuals",31391.7540950658,296,NA,NA
