"","Sum.Sq","Df","F.value","Pr..F."
"(Intercept)",312575.639689198,1,2874.60344240148,2.06918327157304e-155
"clock",4.59265228667573,2,0.0211181749258487,0.97910471253589
"Residuals",32512.3510563226,299,NA,NA
