"","Sum.Sq","Df","F.value","Pr..F."
"(Intercept)",42807.5096639913,1,414.246150822273,3.79579762512817e-57
"age",3582.20845005517,21,1.6507073214001,0.0383285608486408
"Residuals",28934.7352585541,280,NA,NA
