"","Sum.Sq","Df","F.value","Pr..F."
"(Intercept)",247529.113847818,1,2314.57273659804,5.83645064172042e-142
"gender",641.728579536979,1,6.00061726640069,0.0148802240919039
"vntr",128.600881094768,2,0.601254714359451,0.548791492972076
"gender:vntr",172.544993007068,2,0.806709017865657,0.447303298014634
"Residuals",31655.353292826,296,NA,NA
