"","Sum.Sq","Df","F.value","Pr..F."
"(Intercept)",63816.9285281017,1,587.834484914074,1.45439484149483e-72
"per3b",56.6813055084967,2,0.261053193849437,0.770415317226076
"Residuals",32460.2624031008,299,NA,NA
