"","Sum.Sq","Df","F.value","Pr..F."
"(Intercept)",333021.347926108,1,3066.35319305429,3.20306295340682e-159
"vntr",44.0429170587486,2,0.202766489589257,0.816581048690968
"Residuals",32472.9007915505,299,NA,NA
