"","Sum.Sq","Df","F.value","Pr..F."
"(Intercept)",435029.026764575,1,4308.5957453344,1.9014516730025e-178
"gender",571.013252929701,1,5.65540485976327,0.0180363305752441
"cry2",816.550141115134,2,4.04362036485994,0.0185114293388895
"gender:cry2",1065.6085024275,2,5.27697691105558,0.00559949420558977
"Residuals",29886.4408576164,296,NA,NA
