"","Sum.Sq","Df","F.value","Pr..F."
"(Intercept)",344268.034730106,1,3226.30735100033,3.20328012300452e-161
"gender",620.885692687447,1,5.81862930149427,0.0164655035655438
"per2",207.399152200305,2,0.971820415827537,0.379597553877503
"gender:per2",145.762389420193,2,0.68300600265491,0.505890604038488
"Residuals",31585.1303653745,296,NA,NA
