"","Comparison","Z","P.unadj","P.adj"
"1","AA - AB",0.616742579435671,0.537404531403655,1
"2","AA - BB",0.556414860749915,0.577927282162183,0.866890923243275
"3","AB - BB",0.204548477143547,0.837924913406054,0.837924913406054
