"","Row.names","STAI.x","std","r","Min","Max","Q25","Q50","Q75","STAI.y","groups"
"1","CC",43.7460317460317,11.3974647067193,63,21,66,34,43,51,43.7460317460317,"a"
"2","CG",44.3185185185185,10.4056900707514,135,23,77,35,45,51.5,44.3185185185185,"a"
"3","GG",43.4038461538462,9.80540690032575,104,25,69,36,42,49.25,43.4038461538462,"a"
