"","Row.names","STAI.x","std","r","Min","Max","Q25","Q50","Q75","STAI.y","groups"
"1","GG",42.4927536231884,10.4735285199876,69,21,64,35,41,51,42.4927536231884,"a"
"2","GT",42.7666666666667,10.6000317998251,90,23,77,34.25,43.5,49,42.7666666666667,"a"
"3","TT",45.2587412587413,10.1195065338642,143,25,70,36.5,46,52,45.2587412587413,"a"
