"","Row.names","STAI.x","std","r","Min","Max","Q25","Q50","Q75","STAI.y","groups"
"1","AA",44.3958333333333,11.7667754098606,48,21,77,36,43.5,52,44.3958333333333,"a"
"2","AG",43.2,9.86031943096042,140,25,68,35,42.5,50,43.2,"a"
"3","GG",44.5087719298246,10.4637982021243,114,23,70,36,45,51.75,44.5087719298246,"a"
