"","Row.names","STAI.x","std","r","Min","Max","Q25","Q50","Q75","STAI.y","groups"
"1","1",41.5294117647059,9.14901534552856,85,26,64,34,41,48,41.5294117647059,"b"
"2","2",44.8064516129032,10.7216186432898,217,21,77,36,45,52,44.8064516129032,"a"
