"","Row.names","STAI.x","std","r","Min","Max","Q25","Q50","Q75","STAI.y","groups"
"1","1",52,8.63133825081603,5,41,64,48,51,56,52,"a"
"2","2",45.5945945945946,11.35404837115,37,25,69,37,46,54,45.5945945945946,"a"
"3","3",43.0171428571429,10.2084449409133,175,23,77,35,42,50,43.0171428571429,"a"
"4","4",44.4470588235294,10.2637896583699,85,21,70,37,46,51,44.4470588235294,"a"
