"","fisher_p_z","fisher_adjusted_p","names"
"1",0.0012797558383986,0.011042458025995,"PER2PER3APER3CCRY2GGCCTTAG"
"2",0.0204607975629144,0.025575996953643,"PER2PER3APER3BVNTRAGCGGGAA"
"3",0.00256662570016032,0.011042458025995,"PER2PER3CCLOCK3111CRY2VNTRAGGGTTAGAB"
"4",0.00859387032188511,0.0143231172031418,"PER2PER3APER3CCLOCK3111VNTRAGCCGGTTAB"
"5",0.00398225208733583,0.011042458025995,"PER2PER3CCLOCK3111VNTRAGGGTTAB"
"6",0.00666444646462744,0.0133288929292549,"PER2PER3CCRY2VNTRGGTTAGAB"
"7",0.011503986381517,0.01643426625931,"PER2PER3APER3BPER3CCRY2GGCCGGTTAG"
"8",0.0285507469582627,0.0285507469582627,"PER2PER3BPER3CCLOCK3111CRY2GGGGGGTTAA"
"9",0.0285507469582627,0.0285507469582627,"PER3BPER3CCLOCK3111VNTRAGTTTCAA"
"10",0.00441698321039799,0.011042458025995,"PER2PER3APER3BPER3CCLOCK3111AGCCGGGTTC"
