"","fisher_p_z","fisher_adjusted_p","names"
"1",5.39000918323696e-05,0.000539000918323696,"AGE"
"2",0.00149051629660577,0.00745258148302885,"PER2PER3CCLOCK3111CRY1VNTRAGTTTCGGAB"
"3",0.011519364448858,0.0191989407480967,"PER2PER3CCLOCK3111CRY2VNTRAAGTTTAGAB"
"4",0.010100830901694,0.0191989407480967,"PER2PER3BPER3CCRY2VNTRAGGGTTAGAA"
"5",0.0322018597093076,0.0460026567275823,"PER3ACLOCK3111CRY1CRY2CCCCCGGG"
"6",0.00321257921762341,0.00803144804405853,"PER2PER3BPER3CCLOCK3111CRY1AGGGTTTCGG"
"7",0.00317921299031726,0.00803144804405853,"PER2PER3BPER3CCLOCK3111VNTRAGGGTTTCAB"
"8",0.109022556390977,0.109022556390977,"PER3CCLOCK3111CRY1CRY2VNTRGTTCCGAAAA"
"9",0.109022556390977,0.109022556390977,"PER3CCLOCK3111CRY2GGTCGG"
"10",0.0551478678779198,0.0689348348473997,"PER3BCRY1VNTRGGGGAA"
