"","coef.res.","2.5 %","97.5 %","summary(res)$coefficients[, 4]","r_squared","adj_r_squared","pregression"
"(Intercept)",0.29606420598995,0.234704808487248,0.357423603492651,9.97302509827794e-19,0.201701331117986,0.184594931070515,8.65796622692072e-12
"PER2PER3APER3CCRY1CRY2GGCCTTCGAG",0.549904350832732,0.267495539444071,0.832313162221392,0.000156367501172536,0.201701331117986,0.184594931070515,8.65796622692072e-12
"PER3CCRY2VNTRGTAGBB",0.703935794010045,0.286340117108761,1.12153147091133,0.00102576978651901,0.201701331117986,0.184594931070515,8.65796622692072e-12
"GENDER",-0.168416321766603,-0.278200327579278,-0.0586323159539282,0.00276299294327875,0.201701331117986,0.184594931070515,8.65796622692072e-12
"PER2PER3BPER3CCLOCK3111VNTRAGGGTTTCAB",0.446519095988835,0.191076750345574,0.701961441632096,0.00066811206717476,0.201701331117986,0.184594931070515,8.65796622692072e-12
"PER3BCLOCK3111CRY1AGTTCG",0.554699310362491,0.236261096676567,0.873137524048415,0.000697052192473215,0.201701331117986,0.184594931070515,8.65796622692072e-12
"PER2CLOCK3111CRY1VNTRAATTCCAB",0.703935794010053,0.223040926149216,1.18483066187089,0.00426472616982282,0.201701331117986,0.184594931070515,8.65796622692072e-12
