"","odds_ratio","multi_conf25","multi_conf75","multi_p_z","name","multi_adjusted_p"
"1","21.6312614644119","1.77164940248404","4.41980291589532","3.80759011486053e-06","AGE",3.80759011486053e-05
"2","8.48035401067218e-09",NA,"2158.8365933516","0.998621064813683","PER2PER3CCLOCK3111CRY1VNTRAGTTTCGGAB",0.998775346937635
"3","3.78927412716671e-10",NA,"1012.52715145078","0.997375896732754","PER2PER3CCLOCK3111CRY2VNTRAAGTTTAGAB",0.998775346937635
"4","0.0449397981684805","-5.29696974803281","-1.01702482700053","0.00269943136279772","PER2PER3BPER3CCRY2VNTRAGGGTTAGAA",0.0105214519029174
"5","0.02344393164118","-6.87808406725415","-1.32426159200495","0.00315643557087523","PER3ACLOCK3111CRY1CRY2CCCCCGGG",0.0105214519029174
"6","14739950.695772","-2174.22156054363",NA,"0.998775346937635","PER2PER3BPER3CCLOCK3111CRY1AGGGTTTCGG",0.998775346937635
"7","0.18755145312944","-3.7144684447968","1.35219904747442","0.152186756949903","PER2PER3BPER3CCLOCK3111VNTRAGGGTTTCAB",0.380466892374758
"8","1.49150547502644e-10",NA,"2168.24194321388","0.998321280195382","PER3CCLOCK3111CRY1CRY2VNTRGTTCCGAAAA",0.998775346937635
"9","1.49150547502738e-10",NA,"2168.2419432127","0.998321280195381","PER3CCLOCK3111CRY2GGTCGG",0.998775346937635
"10","29985374.7573088","-98.9274629067554",NA,"0.99243994994025","PER3BCRY1VNTRGGGGAA",0.998775346937635
