"","coef.res.","2.5 %","97.5 %","summary(res)$coefficients[, 4]","r_squared","adj_r_squared","pregression"
"(Intercept)",0.578034682080925,0.452300873998618,0.703768490163232,3.50617749348242e-17,0.377461260083131,0.360570674116394,1.4892670703694e-23
"AGE",0.378835037794578,0.249752663222695,0.507917412366462,2.15675637590707e-08,0.377461260083131,0.360570674116394,1.4892670703694e-23
"PER2PER3CCLOCK3111CRY1VNTRAGTTTCGGAB",-0.623536386542169,-0.826814411581983,-0.420258361502355,5.34231042020007e-09,0.377461260083131,0.360570674116394,1.4892670703694e-23
"PER2PER3CCLOCK3111CRY2VNTRAAGTTTAGAB",-0.767452200978214,-1.12119633451716,-0.413708067439271,2.72427362898543e-05,0.377461260083131,0.360570674116394,1.4892670703694e-23
"PER2PER3BPER3CCRY2VNTRAGGGTTAGAA",-0.48110271231658,-0.703972633087933,-0.258232791545227,2.97856482798813e-05,0.377461260083131,0.360570674116394,1.4892670703694e-23
"PER3ACLOCK3111CRY1CRY2CCCCCGGG",-0.623536386542161,-0.909221452690345,-0.337851320393978,2.44490109515193e-05,0.377461260083131,0.360570674116394,1.4892670703694e-23
"PER3CCLOCK3111CRY1CRY2VNTRGTTCCGAAAA",-0.956869719875507,-1.44960896455175,-0.464130475199261,0.000164660181837463,0.377461260083131,0.360570674116394,1.4892670703694e-23
"PER3CCLOCK3111CRY2GGTCGG",-0.956869719875487,-1.44960896455173,-0.464130475199246,0.00016466018183749,0.377461260083131,0.360570674116394,1.4892670703694e-23
