"","odds_ratio","conf25","conf75","p_z","name","adjusted_p"
"1","10.9047619047613","1.30112556962803","3.48610516559713","1.37575330878457e-05","AGE",0.000151332863966303
"2","0.053191489361702","-4.94592934427731","-1.2507796145646","0.000994802111908923","PER2PER3CCLOCK3111CRY1VNTRAGTTTCGGAB",0.00396482305703212
"3","1.97859939875382e-08",NA,"143.766887599965","0.986248068482725","PER2PER3CCLOCK3111CRY2VNTRAAGTTTAGAB",0.999394898246913
"4","0.0737588666031313","-4.66861242602643","-0.767761739762719","0.00534795694360278","PER2PER3BPER3CCRY2VNTRAGGGTTAGAA",0.0117655052759261
"5","0.0572033903880266","-5.94948885961881","-0.484836912566713","0.021187587582316","PER3ACLOCK3111CRY1CRY2CCCCCGGG",0.0388439105675793
"6","0.0801282051282051","-4.19608835005644","-0.960739615809476","0.00144175383892077","PER2PER3BPER3CCLOCK3111CRY1AGGGTTTCGG",0.00396482305703212
"7","0.124675324675325","-3.35386077684687","-0.775215468413434","0.00119070321045302","PER2PER3BPER3CCLOCK3111VNTRAGGGTTTCAB",0.00396482305703212
"8","5.57759308357005e-08",NA,"163.184066368673","0.984904546662772","PER3CCLOCK3111CRY1CRY2VNTRGTTCCGAAAA",0.999394898246913
"9","5.57759308357075e-08",NA,"163.184066368674","0.984904546662772","PER3CCLOCK3111CRY2GGTCGG",0.999394898246913
"10","16202004.7785069","-45.4907728247475","305.074063316371","0.988877862030271","PER3BCRY1VNTRGGGGAA",0.999394898246913
"11","1.18848597557377e+23","-3480.31045837675","20177.1743312264","0.999394898246913","MEQ",0.999394898246913
