"","fisher_p_z","fisher_adjusted_p","names"
"1",0.0208953568181803,0.0261191960227254,"PER2PER3CCLOCK3111AGGTTC"
"2",0.00049812447603515,0.00249062238017575,"PER2PER3APER3CCRY1CRY2GGCCTTCGAG"
"3",0.00923045928379599,0.0131863704054228,"PER3CCRY2VNTRGTAGBB"
"4",0.000382597757288044,0.00249062238017575,"GENDER"
"5",0.00499151262361765,0.0099830252472353,"PER2PER3BPER3CCLOCK3111VNTRAGGGTTTCAB"
"6",0.00440193018444883,0.0099830252472353,"PER3BCLOCK3111CRY1AGTTCG"
"7",0.0301316142137708,0.0334795713486342,"PER2CLOCK3111CRY1VNTRAATTCCAB"
"8",0.00923045928379599,0.0131863704054228,"PER3BPER3CCRY2VNTRGGGTAGBB"
"9",0.0339264848448833,0.0339264848448833,"PER2CLOCK3111CRY2VNTRAGTTGGAB"
"10",0.00246988565076961,0.00823295216923203,"PER2PER3APER3BPER3CCRY1GGCCGGTTCG"
