"","odds_ratio","conf25","conf75","p_z","name","adjusted_p"
"1","20715536.8980766","-39.6177402450217",NA,"0.985586031302481","PER2PER3APER3CCRY2GGCCTTAG",0.999044991738608
"2","7351396.73612008","-37.7498807980293",NA,"0.982565244312653","PER2PER3APER3BVNTRAGCGGGAA",0.999044991738608
"3","7.31271824568529e-08",NA,"51.1559350618258","0.979859834908266","PER2PER3CCLOCK3111CRY2VNTRAGGGTTAGAB",0.999044991738608
"4","7.3958173166411e-08",NA,"67.0005178143571","0.981998092224448","PER2PER3APER3CCLOCK3111VNTRAGCCGGTTAB",0.999044991738608
"5","0.0697115384616412","-5.60962858046868","-0.876504843477086","0.0143344663707021","PER2PER3CCLOCK3111VNTRAGGGTTAB",0.0788395650388616
"6","7464495.14442794","-27.1533090523378",NA,"0.980312380534657","PER2PER3CCRY2VNTRGGTTAGAB",0.999044991738608
"7","7426410.98854893","-30.1557844762837",NA,"0.981034528393075","PER2PER3APER3BPER3CCRY2GGCCGGTTAG",0.999044991738608
"8","7.47891638762898e-08",NA,"93.2074377911142","0.984420167392529","PER2PER3BPER3CCLOCK3111CRY2GGGGGGTTAA",0.999044991738608
"9","7.47891638762909e-08",NA,"93.207437791114","0.984420167392529","PER3BPER3CCLOCK3111VNTRAGTTTCAA",0.999044991738608
"10","0.154733009709379","-3.40263683158666","-0.599380048889101","0.00677525287365894","PER2PER3APER3BPER3CCLOCK3111AGCCGGGTTC",0.0745277816102483
"11","1.18848597292396e+23","-1441.64495314647","16882.4032469983","0.999044991738608","STAI",0.999044991738608
