"","odds_ratio","multi_conf25","multi_conf75","multi_p_z","name","multi_adjusted_p"
"1","15846814.5769855","-398.372275860162",NA,"0.994996020291895","PER2PER3APER3CCRY2GGCCTTAG",0.999999999999998
"2","48242067.8244186","-127.861676461472",NA,"0.992822423561269","PER2PER3APER3BVNTRAGCGGGAA",0.999999999999998
"3","8.64686931964795e-09",NA,"1097.39455160154","0.997728900837503","PER2PER3CCLOCK3111CRY2VNTRAGGGTTAGAB",0.999999999999998
"4","1.00000000001651",NA,NA,"0.999999999999998","PER2PER3APER3CCLOCK3111VNTRAGCCGGTTAB",0.999999999999998
"5","0.417142857142845","-4.11361957872403","2.36492225326076","0.538380772928745","PER2PER3CCLOCK3111VNTRAGGGTTAB",0.999999999999998
"6","2390236.83584752","-281.200717518526",NA,"0.991928914349578","PER2PER3CCRY2VNTRGGTTAGAB",0.999999999999998
"7","0.534789482444711",NA,NA,"0.999837799527672","PER2PER3APER3BPER3CCRY2GGCCGGTTAG",0.999999999999998
"8","3.60697977338122e-09",NA,"471.79298519182","0.995881106819665","PER2PER3BPER3CCLOCK3111CRY2GGGGGGTTAA",0.999999999999998
"9","3.60697977338711e-09",NA,"471.792985191673","0.995881106819664","PER3BPER3CCLOCK3111VNTRAGTTTCAA",0.999999999999998
"10","0.156428571428567","-3.39476107294178","-0.584164952511875","0.00727481408957491","PER2PER3APER3BPER3CCLOCK3111AGCCGGGTTC",0.0727481408957491
