"","coef.res.","2.5 %","97.5 %","summary(res)$coefficients[, 4]","r_squared","adj_r_squared","pregression"
"(Intercept)",0.717557251908396,0.665013737093046,0.770100766723745,2.10956925764052e-81,0.14107740101055,0.126568573324917,1.29703030125956e-08
"PER2PER3APER3CCRY2GGCCTTAG",0.2824427480916,0.0752083309368791,0.489677165246322,0.00772412914388648,0.14107740101055,0.126568573324917,1.29703030125956e-08
"PER2PER3CCLOCK3111CRY2VNTRAGGGTTAGAB",-0.717557251908407,-1.10152058177814,-0.33359392203867,0.000279293828020084,0.14107740101055,0.126568573324917,1.29703030125956e-08
"PER2PER3BPER3CCLOCK3111CRY2GGGGGGTTAA",-0.717557251908402,-1.2113917557404,-0.223722748076407,0.00454355148184948,0.14107740101055,0.126568573324917,1.29703030125956e-08
"PER3BPER3CCLOCK3111VNTRAGTTTCAA",-0.717557251908404,-1.2113917557404,-0.223722748076409,0.00454355148184937,0.14107740101055,0.126568573324917,1.29703030125956e-08
"PER2PER3APER3BPER3CCLOCK3111AGCCGGGTTC",-0.444829979181125,-0.706590473304036,-0.183069485058213,0.000930821815392542,0.14107740101055,0.126568573324917,1.29703030125956e-08
