"","odds_ratio","multi_conf25","multi_conf75","multi_p_z","name","multi_adjusted_p"
"1","8.19036972775268e-08",NA,"63.2930117791668","0.988354464609424","PER2PER3CCLOCK3111AGGTTC",0.993567247829482
"2","7.64446696074669","-0.132021945253084","5.15625802162619","0.102223982832239","PER2PER3APER3CCRY1CRY2GGCCTTCGAG",0.204447965664478
"3","99455434.3399385","-208.273975365626",NA,"0.992572124435657","PER3CCRY2VNTRGTAGBB",0.993567247829482
"4","0.400178171381696","-1.69932993709343","-0.20872880273158","0.015155233654015","GENDER",0.0404139564107067
"5","6.86477732621596","0.635038346073556","3.481344756955","0.0059991228454967","PER2PER3BPER3CCLOCK3111VNTRAGGGTTTCAB",0.0315471450040287
"6","20.1760078054372","1.10755333183116","5.99737834074583","0.00788678625100717","PER3BCLOCK3111CRY1AGTTCG",0.0315471450040287
"7","99455434.3389965","-279.479963949443",NA,"0.993567247829482","PER2CLOCK3111CRY1VNTRAATTCCAB",0.993567247829482
"8",NA,NA,NA,NA,"PER3BPER3CCRY2VNTRGGGTAGBB",NA
"9","2.5352009976363",NA,"77.9028314106693","0.156070433115566","PER2CLOCK3111CRY2VNTRAGTTGGAB",0.249712692984906
