"","fisher_p_z","fisher_adjusted_p","names"
"1",0.0012797558383986,0.0176679328415919,"PER2PER3APER3CCRY2GGCCTTAG"
"2",0.0204607975629144,0.0335891140685444,"PER2PER3APER3BVNTRAGCGGGAA"
"3",0.00256662570016032,0.0176679328415919,"PER2PER3CCLOCK3111CRY2VNTRAGGGTTAGAB"
"4",0.00859387032188511,0.024553915205386,"PER2PER3APER3CCLOCK3111VNTRAGCCGGTTAB"
"5",0.00398225208733583,0.0176679328415919,"PER2PER3CCLOCK3111VNTRAGGGTTAB"
"6",0.00666444646462744,0.0222148215487581,"PER2PER3CCRY2VNTRGGTTAGAB"
"7",0.011503986381517,0.0257718794583999,"PER2PER3APER3BPER3CCRY2GGCCGGTTAG"
"8",0.0285507469582627,0.0335891140685444,"PER2PER3BPER3CCLOCK3111CRY2GGGGGGTTAA"
"9",0.0285507469582627,0.0335891140685444,"PER3BPER3CCLOCK3111VNTRAGTTTCAA"
"10",0.00441698321039799,0.0176679328415919,"PER2PER3APER3BPER3CCLOCK3111AGCCGGGTTC"
"11",0.0285507469582627,0.0335891140685444,"PER3APER3CCLOCK3111CRY2VNTRCCGGTCAAAA"
"12",0.0285507469582627,0.0335891140685444,"PER3CCLOCK3111CRY1CRY2VNTRTTTCGGAAAA"
"13",0.0285507469582627,0.0335891140685444,"PER2PER3ACLOCK3111CRY2VNTRGGCCTCAAAA"
"14",0.00398225208733583,0.0176679328415919,"PER2PER3BPER3CCLOCK3111VNTRAGGGGGTTAB"
"15",0.03465943373777,0.0385104819308556,"PER2PER3CCLOCK3111CRY2AGTTTCAG"
"16",0.0941233416206464,0.0941233416206464,"CLOCK3111CRY1CRY2CCGGGG"
"17",0.01159734575628,0.0257718794583999,"PER3APER3BPER3CCRY2VNTRCCGGGGAAAA"
"18",0.0941233416206464,0.0941233416206464,"PER2PER3BCRY1AAAGGG"
"19",0.0285507469582627,0.0335891140685444,"PER2PER3CCLOCK3111CRY1VNTRAGGGTTCGAB"
"20",0.0285507469582627,0.0335891140685444,"PER3BPER3CCLOCK3111CRY2VNTRAGTTTCAAAA"
