"","fisher_p_z","fisher_adjusted_p","names"
"1",5.39000918323696e-05,0.00107800183664739,"AGE"
"2",0.00149051629660577,0.0149051629660577,"PER2PER3CCLOCK3111CRY1VNTRAGTTTCGGAB"
"3",0.011519364448858,0.0255985876641289,"PER2PER3CCLOCK3111CRY2VNTRAAGTTTAGAB"
"4",0.010100830901694,0.0252520772542349,"PER2PER3BPER3CCRY2VNTRAGGGTTAGAA"
"5",0.0322018597093076,0.0460026567275823,"PER3ACLOCK3111CRY1CRY2CCCCCGGG"
"6",0.00321257921762341,0.0160628960881171,"PER2PER3BPER3CCLOCK3111CRY1AGGGTTTCGG"
"7",0.00317921299031726,0.0160628960881171,"PER2PER3BPER3CCLOCK3111VNTRAGGGTTTCAB"
"8",0.109022556390977,0.109022556390977,"PER3CCLOCK3111CRY1CRY2VNTRGTTCCGAAAA"
"9",0.109022556390977,0.109022556390977,"PER3CCLOCK3111CRY2GGTCGG"
"10",0.0551478678779198,0.073530490503893,"PER3BCRY1VNTRGGGGAA"
"11",0.0322018597093076,0.0460026567275823,"PER2PER3CCLOCK3111CRY1AAGTTTCC"
"12",0.0322018597093076,0.0460026567275823,"PER3BCLOCK3111CRY1VNTRAGTCCGAA"
"13",0.0098695267871613,0.0252520772542349,"PER2PER3CCLOCK3111CRY1CRY2AGTTTTCGAG"
"14",0.010100830901694,0.0252520772542349,"PER2PER3CCLOCK3111CRY2VNTRAGTTTTAGAA"
"15",0.0322018597093076,0.0460026567275823,"PER2PER3CCRY2VNTRAAGTAGAB"
"16",0.109022556390977,0.109022556390977,"PER3BCRY2AAAA"
"17",0.109022556390977,0.109022556390977,"PER2PER3APER3CCRY1CRY2AGCCGGGGAA"
"18",0.109022556390977,0.109022556390977,"PER2CLOCK3111CRY2GGCCGG"
"19",0.00593530032247562,0.0237412012899025,"PER2CLOCK3111CRY1VNTRAGTCGGAB"
"20",0.0322018597093076,0.0460026567275823,"PER2PER3CCLOCK3111VNTRAAGTTTAB"
