"","odds_ratio","multi_conf25","multi_conf75","multi_p_z","name","multi_adjusted_p"
"1","40964442.2988884","-666.895297736969",NA,"0.996792475023525","PER2PER3APER3CCRY2GGCCTTAG",0.999970805651473
"2","124596286.734011","-221.298865453738",NA,"0.995413059629612","PER2PER3APER3BVNTRAGCGGGAA",0.999970805651473
"3","0.278280080841644",NA,NA,"0.999916059756949","PER2PER3CCLOCK3111CRY2VNTRAGGGTTAGAB",0.999970805651473
"4","2.25643944918302e-16",NA,NA,"0.997979140255736","PER2PER3APER3CCLOCK3111VNTRAGCCGGTTAB",0.999970805651473
"5","34672664.6510542","-1138.76130968072",NA,"0.997558177679981","PER2PER3CCLOCK3111VNTRAGGGTTAB",0.999970805651473
"6","6177378.96763649","-472.355366476347",NA,"0.994789808222388","PER2PER3CCRY2VNTRGGTTAGAB",0.999970805651473
"7","0.534791564624363",NA,NA,"0.99990166479715","PER2PER3APER3BPER3CCRY2GGCCGGTTAG",0.999970805651473
"8","4.52186385819349e-17",NA,"976.963411882382","0.996606002227288","PER2PER3BPER3CCLOCK3111CRY2GGGGGGTTAA",0.999970805651473
"9","6.85518322178405e-05",NA,NA,"0.999970805651471","PER3BPER3CCLOCK3111VNTRAGTTTCAA",0.999970805651473
"10","0.1486280487805","-3.44816148365089","-0.63215335150815","0.0059223818247405","PER2PER3APER3BPER3CCLOCK3111AGCCGGGTTC",0.100680491020589
"11","9.67401047430785e-17",NA,"1741.24632965878","0.996627682551698","PER3APER3CCLOCK3111CRY2VNTRCCGGTCAAAA",0.999970805651473
"12","4.69935370465821e-09",NA,"1115.99501553237","0.997253211830779","PER3CCLOCK3111CRY1CRY2VNTRTTTCGGAAAA",0.999970805651473
"13","6.8551832279571e-05",NA,NA,"0.999970805651473","PER2PER3ACLOCK3111CRY2VNTRGGCCTCAAAA",0.999970805651473
"14",NA,NA,NA,NA,"PER2PER3BPER3CCLOCK3111VNTRAGGGGGTTAB",NA
"15","1.26076434557175e-09","-243.259723096431",NA,"0.997849899607522","PER2PER3CCLOCK3111CRY2AGTTTCAG",0.999970805651473
"16","48577099.6127885",NA,"1173.15816254899","0.997896966392524","CLOCK3111CRY1CRY2CCGGGG",0.999970805651473
"17","1.26076434555364e-09","-1350.74251089291",NA,"0.997849899607524","PER3APER3BPER3CCRY2VNTRCCGGGGAAAA",0.999970805651473
"18","1.30666596308198e-16",NA,"1173.15816255044","0.996362667480347","PER2PER3BCRY1AAAGGG",0.999970805651473
