"","odds_ratio","multi_conf25","multi_conf75","multi_p_z","name","multi_adjusted_p"
"1","0.842359066497692",NA,NA,"0.999980064957138","PER2PER3CCLOCK3111AGGTTC",0.999980064957138
"2","9.5762640131411","-1.33201453984161","6.85878826103007","0.260288697202489","PER2PER3APER3CCRY1CRY2GGCCTTCGAG",0.694103192539971
"3","101505276.23584","-417.667026127151",NA,"0.994706291474226","PER3CCRY2VNTRGTAGBB",0.999980064957138
"4","0.396559938157834","-1.75608208796205","-0.17780981584869","0.0204332426955334","GENDER",0.163465941564267
"5","7.10880828656481","0.663513960334845","3.52076219718168","0.00534066451493755","PER2PER3BPER3CCLOCK3111VNTRAGGGTTTCAB",0.0854506322390008
"6","10.9141127970209","0.071798347593388","5.67258153419578","0.0661593077514828","PER3BCLOCK3111CRY1AGTTCG",0.352849641341242
"7","279663646.893238","-471.655342517619",NA,"0.995879262884368","PER2CLOCK3111CRY1VNTRAATTCCAB",0.999980064957138
"8",NA,NA,NA,NA,"PER3BPER3CCRY2VNTRGGGTAGBB",NA
"9","2.63233665275679",NA,"137.61002384484","0.142555602082533","PER2CLOCK3111CRY2VNTRAGTTGGAB",0.456177926664106
"10","8.04873763049132","-0.361311540660829","2.2963408407364","0.093388239796547","PER2PER3APER3BPER3CCRY1GGCCGGTTCG",0.373552959186188
"11","1.71102887860255","-0.130850107478707","5.23710753195749","0.715227393084858","PER3ACRY1CRY2VNTRCCCGAGAA",0.999980064957138
"12","2.48231305933117e-08","-2.32147473050575","3.90872576571861","0.993484585254963","PER2PER3ACRY1CRY2VNTRGGCCCGAGAA",0.999980064957138
"13","102399861.992665",NA,"155.076514344003","0.995711814055284","PER3ACLOCK3111VNTRCGTCAA",0.999980064957138
"14","5.64576341373297e-08","-432.982569018063",NA,"0.998118168921068","PER2PER3BCRY1AAAGCG",0.999980064957138
"15","0.465296673746629",NA,NA,"0.600152826797803","PER2PER3APER3CCLOCK3111AGCCGTTC",0.999980064957138
"16","58046293.8204223","-4.121697097379","2.06389511937195","0.995200085887548","PER3ACLOCK3111CRY1CRY2VNTRCCTTCGAGAA",0.999980064957138
"17","0.465153409542541","-587.693658518975",NA,"0.622160359451189","PER2CRY2VNTRAAAGBB",0.999980064957138
"18",NA,NA,NA,NA,"PER2PER3APER3BCRY1AACCAGCG",NA
