"","fisher_p_z","fisher_adjusted_p","names"
"1",0.0208953568181803,0.0321467027972004,"PER2PER3CCLOCK3111AGGTTC"
"2",0.00049812447603515,0.0049812447603515,"PER2PER3APER3CCRY1CRY2GGCCTTCGAG"
"3",0.00923045928379599,0.0167826532432654,"PER3CCRY2VNTRGTAGBB"
"4",0.000382597757288044,0.0049812447603515,"GENDER"
"5",0.00499151262361765,0.0110922502747059,"PER2PER3BPER3CCLOCK3111VNTRAGGGTTTCAB"
"6",0.00440193018444883,0.0110048254611221,"PER3BCLOCK3111CRY1AGTTCG"
"7",0.0301316142137708,0.0339264848448833,"PER2CLOCK3111CRY1VNTRAATTCCAB"
"8",0.00923045928379599,0.0167826532432654,"PER3BPER3CCRY2VNTRGGGTAGBB"
"9",0.0339264848448833,0.0339264848448833,"PER2CLOCK3111CRY2VNTRAGTTGGAB"
"10",0.00246988565076961,0.00823295216923203,"PER2PER3APER3BPER3CCRY1GGCCGGTTCG"
"11",0.000747671385463163,0.00498447590308775,"PER3ACRY1CRY2VNTRCCCGAGAA"
"12",0.00440193018444883,0.0110048254611221,"PER2PER3ACRY1CRY2VNTRGGCCCGAGAA"
"13",0.0339264848448833,0.0339264848448833,"PER3ACLOCK3111VNTRCGTCAA"
"14",0.0301316142137708,0.0339264848448833,"PER2PER3BCRY1AAAGCG"
"15",0.0195536663510383,0.0321467027972004,"PER2PER3APER3CCLOCK3111AGCCGTTC"
"16",0.00184080896026422,0.00778561278143398,"PER3ACLOCK3111CRY1CRY2VNTRCCTTCGAGAA"
"17",0.0301316142137708,0.0339264848448833,"PER2CRY2VNTRAAAGBB"
"18",0.0301316142137708,0.0339264848448833,"PER2PER3APER3BCRY1AACCAGCG"
"19",0.0019464031953585,0.00778561278143398,"PER2PER3CCRY1CRY2GGTTCGAG"
"20",0.0339264848448833,0.0339264848448833,"PER2PER3APER3CCRY2AGCCGTAA"
