"","coef.res.","2.5 %","97.5 %","summary(res)$coefficients[, 4]","r_squared","adj_r_squared","pregression"
"(Intercept)",0.28419925195346,0.222875208865577,0.345523295041342,1.50412364968174e-17,0.221628674499334,0.202099644827275,1.16224495858499e-12
"PER2PER3APER3CCRY1CRY2GGCCTTCGAG",0.429051795501872,0.13584788890141,0.722255702102334,0.00427772897885276,0.221628674499334,0.202099644827275,1.16224495858499e-12
"PER3CCRY2VNTRGTAGBB",0.715800748046535,0.302612901999743,1.12898859409333,0.000745059566855336,0.221628674499334,0.202099644827275,1.16224495858499e-12
"GENDER",-0.168459115474218,-0.277060027975851,-0.0598582029725864,0.00248033481294153,0.221628674499334,0.202099644827275,1.16224495858499e-12
"PER2PER3BPER3CCLOCK3111VNTRAGGGTTTCAB",0.458387940362381,0.20554722037758,0.711228660347182,0.000422046658535608,0.221628674499334,0.202099644827275,1.16224495858499e-12
"PER3BCLOCK3111CRY1AGTTCG",0.49420476047053,0.176062543551879,0.812346977389182,0.00244542485172733,0.221628674499334,0.202099644827275,1.16224495858499e-12
"PER2CLOCK3111CRY1VNTRAATTCCAB",0.715800748046542,0.240008024891277,1.19159347120181,0.00332495298416525,0.221628674499334,0.202099644827275,1.16224495858499e-12
"PER3ACRY1CRY2VNTRCCCGAGAA",0.313748731976429,0.082656845126517,0.544840618826342,0.00796970515198105,0.221628674499334,0.202099644827275,1.16224495858499e-12
