"","coef.res.","2.5 %","97.5 %","summary(res)$coefficients[, 4]","r_squared","adj_r_squared","pregression"
"(Intercept)",0.733333333333332,0.681063751708724,0.78560291495794,1.20732233642423e-83,0.178355245618712,0.158792275276301,3.39117223215195e-10
"PER2PER3APER3CCRY2GGCCTTAG",0.266666666666664,0.0631058920184654,0.470227441314864,0.010418702907629,0.178355245618712,0.158792275276301,3.39117223215195e-10
"PER2PER3CCLOCK3111CRY2VNTRAGGGTTAGAB",-0.733333333333343,-1.11025464672249,-0.356412019944192,0.000157237331474909,0.178355245618712,0.158792275276301,3.39117223215195e-10
"PER2PER3APER3BPER3CCLOCK3111AGCCGGGTTC",-0.460606060606061,-0.717641791658499,-0.203570329553622,0.000487864477521184,0.178355245618712,0.158792275276301,3.39117223215195e-10
"PER3CCLOCK3111CRY1CRY2VNTRTTTCGGAAAA",-0.733333333333328,-1.21806149223911,-0.248605174427541,0.00314858211537483,0.178355245618712,0.158792275276301,3.39117223215195e-10
"CLOCK3111CRY1CRY2CCGGGG",-0.733333333333338,-1.32585002294865,-0.140816643718027,0.0154531869797823,0.178355245618712,0.158792275276301,3.39117223215195e-10
"PER3APER3BPER3CCRY2VNTRCCGGGGAAAA",-0.566666666666662,-0.911408234510899,-0.221925098822426,0.00135517789704794,0.178355245618712,0.158792275276301,3.39117223215195e-10
"PER2PER3BCRY1AAAGGG",-0.733333333333341,-1.32585002294865,-0.140816643718029,0.0154531869797821,0.178355245618712,0.158792275276301,3.39117223215195e-10
