"","coef.res.","2.5 %","97.5 %","summary(res)$coefficients[, 4]","r_squared","adj_r_squared","pregression"
"(Intercept)",12.5491329479769,11.376251851059,13.7220140448948,4.5796789873114e-53,0.0652101686373205,0.0560004166041908,0.00106529262051644
"PER3CVNTRGTBB",10.2008670520232,2.39878300433415,18.0029510997123,0.0106474789447524,0.0652101686373205,0.0560004166041908,0.00106529262051644
"CRY2VNTRGGAA",-4.06637432728723,-7.16187336029106,-0.97087529428341,0.0102892987522671,0.0652101686373205,0.0560004166041908,0.00106529262051644
